Element,link
Air_2.svg,https://static.wikia.nocookie.net/little-alchemy/images/0/03/Air_2.svg/revision/latest/
Earth_2.svg,https://static.wikia.nocookie.net/little-alchemy/images/2/21/Earth_2.svg/revision/latest/
Fire_2.svg,https://static.wikia.nocookie.net/little-alchemy/images/0/01/Fire_2.svg/revision/latest/
Water_2.svg,https://static.wikia.nocookie.net/little-alchemy/images/f/f4/Water_2.svg/revision/latest/
Time_2.svg,https://static.wikia.nocookie.net/little-alchemy/images/6/63/Time_2.svg/revision/latest/
Dust_2.svg,https://static.wikia.nocookie.net/little-alchemy/images/a/a4/Dust_2.svg/revision/latest/
Energy_2.svg,https://static.wikia.nocookie.net/little-alchemy/images/e/ed/Energy_2.svg/revision/latest/
Land_2.svg,https://static.wikia.nocookie.net/little-alchemy/images/9/9b/Land_2.svg/revision/latest/
Lava_2.svg,https://static.wikia.nocookie.net/little-alchemy/images/8/85/Lava_2.svg/revision/latest/
Mist_2.svg,https://static.wikia.nocookie.net/little-alchemy/images/e/e3/Mist_2.svg/revision/latest/
Mud_2.svg,https://static.wikia.nocookie.net/little-alchemy/images/8/8b/Mud_2.svg/revision/latest/
Pressure_2.svg,https://static.wikia.nocookie.net/little-alchemy/images/7/7a/Pressure_2.svg/revision/latest/
Puddle_2.svg,https://static.wikia.nocookie.net/little-alchemy/images/c/c3/Puddle_2.svg/revision/latest/
Smoke_2.svg,https://static.wikia.nocookie.net/little-alchemy/images/3/32/Smoke_2.svg/revision/latest/
Steam_2.svg,https://static.wikia.nocookie.net/little-alchemy/images/9/95/Steam_2.svg/revision/latest/
Brick_2.svg,https://static.wikia.nocookie.net/little-alchemy/images/6/64/Brick_2.svg/revision/latest/
Continent_2.svg,https://static.wikia.nocookie.net/little-alchemy/images/4/4d/Continent_2.svg/revision/latest/
Earthquake_2.svg,https://static.wikia.nocookie.net/little-alchemy/images/5/51/Earthquake_2.svg/revision/latest/
Eruption_2.svg,https://static.wikia.nocookie.net/little-alchemy/images/e/e1/Eruption_2.svg/revision/latest/
Geyser_2.svg,https://static.wikia.nocookie.net/little-alchemy/images/e/e0/Geyser_2.svg/revision/latest/
Granite_2.svg,https://static.wikia.nocookie.net/little-alchemy/images/3/38/Granite_2.svg/revision/latest/
Gunpowder_2.svg,https://static.wikia.nocookie.net/little-alchemy/images/c/c3/Gunpowder_2.svg/revision/latest/
Heat_2.svg,https://static.wikia.nocookie.net/little-alchemy/images/e/e0/Heat_2.svg/revision/latest/
Obsidian_2.svg,https://static.wikia.nocookie.net/little-alchemy/images/3/3a/Obsidian_2.svg/revision/latest/
Pond_2.svg,https://static.wikia.nocookie.net/little-alchemy/images/7/75/Pond_2.svg/revision/latest/
Stone_2.svg,https://static.wikia.nocookie.net/little-alchemy/images/e/eb/Stone_2.svg/revision/latest/
Volcano_2.svg,https://static.wikia.nocookie.net/little-alchemy/images/a/a6/Volcano_2.svg/revision/latest/
Wind_2.svg,https://static.wikia.nocookie.net/little-alchemy/images/b/bb/Wind_2.svg/revision/latest/
Chimney_2.svg,https://static.wikia.nocookie.net/little-alchemy/images/7/74/Chimney_2.svg/revision/latest/
Clay_2.svg,https://static.wikia.nocookie.net/little-alchemy/images/5/55/Clay_2.svg/revision/latest/
Explosion_2.svg,https://static.wikia.nocookie.net/little-alchemy/images/8/8b/Explosion_2.svg/revision/latest/
Lake_2.svg,https://static.wikia.nocookie.net/little-alchemy/images/b/b4/Lake_2.svg/revision/latest/
Metal_2.svg,https://static.wikia.nocookie.net/little-alchemy/images/d/df/Metal_2.svg/revision/latest/
Mountain_2.svg,https://static.wikia.nocookie.net/little-alchemy/images/3/3f/Mountain_2.svg/revision/latest/
Planet_2.svg,https://static.wikia.nocookie.net/little-alchemy/images/8/8a/Planet_2.svg/revision/latest/
Plasma_2.svg,https://static.wikia.nocookie.net/little-alchemy/images/8/86/Plasma_2.svg/revision/latest/
Sand_2.svg,https://static.wikia.nocookie.net/little-alchemy/images/0/01/Sand_2.svg/revision/latest/
Tornado_2.svg,https://static.wikia.nocookie.net/little-alchemy/images/8/8e/Tornado_2.svg/revision/latest/
Wall_2.svg,https://static.wikia.nocookie.net/little-alchemy/images/4/49/Wall_2.svg/revision/latest/
Warmth_2.svg,https://static.wikia.nocookie.net/little-alchemy/images/8/83/Warmth_2.svg/revision/latest/
Atmosphere_2.svg,https://static.wikia.nocookie.net/little-alchemy/images/5/5d/Atmosphere_2.svg/revision/latest/
Atomic_bomb_2.svg,https://static.wikia.nocookie.net/little-alchemy/images/6/69/Atomic_bomb_2.svg/revision/latest/
Avalanche_2.svg,https://static.wikia.nocookie.net/little-alchemy/images/9/90/Avalanche_2.svg/revision/latest/
Beach_2.svg,https://static.wikia.nocookie.net/little-alchemy/images/4/45/Beach_2.svg/revision/latest/
Blade_2.svg,https://static.wikia.nocookie.net/little-alchemy/images/5/5e/Blade_2.svg/revision/latest/
Boiler_2.svg,https://static.wikia.nocookie.net/little-alchemy/images/9/96/Boiler_2.svg/revision/latest/
Bullet_2.svg,https://static.wikia.nocookie.net/little-alchemy/images/0/0a/Bullet_2.svg/revision/latest/
Dam_2.svg,https://static.wikia.nocookie.net/little-alchemy/images/d/d5/Dam_2.svg/revision/latest/
Desert_2.svg,https://static.wikia.nocookie.net/little-alchemy/images/7/7b/Desert_2.svg/revision/latest/
Dune_2.svg,https://static.wikia.nocookie.net/little-alchemy/images/2/2d/Dune_2.svg/revision/latest/
Firewall_2.svg,https://static.wikia.nocookie.net/little-alchemy/images/2/2d/Firewall_2.svg/revision/latest/
Glass_2.svg,https://static.wikia.nocookie.net/little-alchemy/images/8/88/Glass_2.svg/revision/latest/
Gold_2.svg,https://static.wikia.nocookie.net/little-alchemy/images/8/88/Gold_2.svg/revision/latest/
Grenade_2.svg,https://static.wikia.nocookie.net/little-alchemy/images/e/ed/Grenade_2.svg/revision/latest/
House_2.svg,https://static.wikia.nocookie.net/little-alchemy/images/5/5a/House_2.svg/revision/latest/
Mercury_2.svg,https://static.wikia.nocookie.net/little-alchemy/images/0/0d/Mercury_2.svg/revision/latest/
Moon_2.svg,https://static.wikia.nocookie.net/little-alchemy/images/1/1c/Moon_2.svg/revision/latest/
Mountain_range_2.svg,https://static.wikia.nocookie.net/little-alchemy/images/e/ee/Mountain_range_2.svg/revision/latest/
Plow_2.svg,https://static.wikia.nocookie.net/little-alchemy/images/4/4b/Plow_2.svg/revision/latest/
River_2.svg,https://static.wikia.nocookie.net/little-alchemy/images/3/3d/River_2.svg/revision/latest/
Rust_2.svg,https://static.wikia.nocookie.net/little-alchemy/images/4/49/Rust_2.svg/revision/latest/
Sandstone_2.svg,https://static.wikia.nocookie.net/little-alchemy/images/a/a1/Sandstone_2.svg/revision/latest/
Sandstorm_2.svg,https://static.wikia.nocookie.net/little-alchemy/images/a/a7/Sandstorm_2.svg/revision/latest/
Sea_2.svg,https://static.wikia.nocookie.net/little-alchemy/images/3/32/Sea_2.svg/revision/latest/
Solar_system_2.svg,https://static.wikia.nocookie.net/little-alchemy/images/7/75/Solar_system_2.svg/revision/latest/
Sun_2.svg,https://static.wikia.nocookie.net/little-alchemy/images/c/c1/Sun_2.svg/revision/latest/
Venus_2.svg,https://static.wikia.nocookie.net/little-alchemy/images/b/b3/Venus_2.svg/revision/latest/
Waterfall_2.svg,https://static.wikia.nocookie.net/little-alchemy/images/5/57/Waterfall_2.svg/revision/latest/
Wave_2.svg,https://static.wikia.nocookie.net/little-alchemy/images/d/db/Wave_2.svg/revision/latest/
Aquarium_2.svg,https://static.wikia.nocookie.net/little-alchemy/images/9/9b/Aquarium_2.svg/revision/latest/
Aurora_2.svg,https://static.wikia.nocookie.net/little-alchemy/images/3/34/Aurora_2.svg/revision/latest/
Bank_2.svg,https://static.wikia.nocookie.net/little-alchemy/images/8/8d/Bank_2.svg/revision/latest/
Black_hole_2.svg,https://static.wikia.nocookie.net/little-alchemy/images/f/ff/Black_hole_2.svg/revision/latest/
Blender_2.svg,https://static.wikia.nocookie.net/little-alchemy/images/5/5b/Blender_2.svg/revision/latest/
Bridge_2.svg,https://static.wikia.nocookie.net/little-alchemy/images/b/bb/Bridge_2.svg/revision/latest/
Cloud_2.svg,https://static.wikia.nocookie.net/little-alchemy/images/b/b9/Cloud_2.svg/revision/latest/
Current_2.svg,https://static.wikia.nocookie.net/little-alchemy/images/c/c6/Current_2.svg/revision/latest/
Eclipse_2.svg,https://static.wikia.nocookie.net/little-alchemy/images/6/6b/Eclipse_2.svg/revision/latest/
Factory_2.svg,https://static.wikia.nocookie.net/little-alchemy/images/1/11/Factory_2.svg/revision/latest/
Field_2.svg,https://static.wikia.nocookie.net/little-alchemy/images/7/74/Field_2.svg/revision/latest/
Fireworks_2.svg,https://static.wikia.nocookie.net/little-alchemy/images/4/43/Fireworks_2.svg/revision/latest/
Flood_2.svg,https://static.wikia.nocookie.net/little-alchemy/images/c/c5/Flood_2.svg/revision/latest/
Galaxy_2.svg,https://static.wikia.nocookie.net/little-alchemy/images/7/72/Galaxy_2.svg/revision/latest/
Glasses_2.svg,https://static.wikia.nocookie.net/little-alchemy/images/d/dd/Glasses_2.svg/revision/latest/
Gun_2.svg,https://static.wikia.nocookie.net/little-alchemy/images/1/1a/Gun_2.svg/revision/latest/
Hourglass_2.svg,https://static.wikia.nocookie.net/little-alchemy/images/2/25/Hourglass_2.svg/revision/latest/
Hurricane_2.svg,https://static.wikia.nocookie.net/little-alchemy/images/e/ef/Hurricane_2.svg/revision/latest/
Island_2.svg,https://static.wikia.nocookie.net/little-alchemy/images/0/07/Island_2.svg/revision/latest/
Katana_2.svg,https://static.wikia.nocookie.net/little-alchemy/images/2/22/Katana_2.svg/revision/latest/
Mars_2.svg,https://static.wikia.nocookie.net/little-alchemy/images/f/fe/Mars_2.svg/revision/latest/
Meteoroid_2.svg,https://static.wikia.nocookie.net/little-alchemy/images/a/ab/Meteoroid_2.svg/revision/latest/
Mirror_2.svg,https://static.wikia.nocookie.net/little-alchemy/images/9/9b/Mirror_2.svg/revision/latest/
Oasis_2.svg,https://static.wikia.nocookie.net/little-alchemy/images/e/ee/Oasis_2.svg/revision/latest/
Ocean_2.svg,https://static.wikia.nocookie.net/little-alchemy/images/8/89/Ocean_2.svg/revision/latest/
Primordial_soup_2.svg,https://static.wikia.nocookie.net/little-alchemy/images/a/af/Primordial_soup_2.svg/revision/latest/
Pyramid_2.svg,https://static.wikia.nocookie.net/little-alchemy/images/0/01/Pyramid_2.svg/revision/latest/
Rainbow_2.svg,https://static.wikia.nocookie.net/little-alchemy/images/2/26/Rainbow_2.svg/revision/latest/
Rocket_2.svg,https://static.wikia.nocookie.net/little-alchemy/images/9/97/Rocket_2.svg/revision/latest/
Safe_2.svg,https://static.wikia.nocookie.net/little-alchemy/images/0/04/Safe_2.svg/revision/latest/
Salt_2.svg,https://static.wikia.nocookie.net/little-alchemy/images/8/8a/Salt_2.svg/revision/latest/
Scissors_2.svg,https://static.wikia.nocookie.net/little-alchemy/images/3/32/Scissors_2.svg/revision/latest/
Sky_2.svg,https://static.wikia.nocookie.net/little-alchemy/images/6/6c/Sky_2.svg/revision/latest/
Solar_cell_2.svg,https://static.wikia.nocookie.net/little-alchemy/images/5/53/Solar_cell_2.svg/revision/latest/
Sound_2.svg,https://static.wikia.nocookie.net/little-alchemy/images/7/77/Sound_2.svg/revision/latest/
Space_station_2.svg,https://static.wikia.nocookie.net/little-alchemy/images/3/39/Space_station_2.svg/revision/latest/
Supernova_2.svg,https://static.wikia.nocookie.net/little-alchemy/images/6/64/Supernova_2.svg/revision/latest/
Swimming_pool_2.svg,https://static.wikia.nocookie.net/little-alchemy/images/5/56/Swimming_pool_2.svg/revision/latest/
Sword_2.svg,https://static.wikia.nocookie.net/little-alchemy/images/c/c5/Sword_2.svg/revision/latest/
Telescope_2.svg,https://static.wikia.nocookie.net/little-alchemy/images/e/e9/Telescope_2.svg/revision/latest/
Tide_2.svg,https://static.wikia.nocookie.net/little-alchemy/images/f/f3/Tide_2.svg/revision/latest/
Tsunami_2.svg,https://static.wikia.nocookie.net/little-alchemy/images/0/07/Tsunami_2.svg/revision/latest/
Village_2.svg,https://static.wikia.nocookie.net/little-alchemy/images/9/99/Village_2.svg/revision/latest/
Windmill_2.svg,https://static.wikia.nocookie.net/little-alchemy/images/1/17/Windmill_2.svg/revision/latest/
Acid_rain_2.svg,https://static.wikia.nocookie.net/little-alchemy/images/1/1d/Acid_rain_2.svg/revision/latest/
Archipelago_2.svg,https://static.wikia.nocookie.net/little-alchemy/images/d/d9/Archipelago_2.svg/revision/latest/
Barn_2.svg,https://static.wikia.nocookie.net/little-alchemy/images/1/1f/Barn_2.svg/revision/latest/
Bayonet_2.svg,https://static.wikia.nocookie.net/little-alchemy/images/1/18/Bayonet_2.svg/revision/latest/
Bell_2.svg,https://static.wikia.nocookie.net/little-alchemy/images/3/33/Bell_2.svg/revision/latest/
Binoculars_2.svg,https://static.wikia.nocookie.net/little-alchemy/images/5/50/Binoculars_2.svg/revision/latest/
City_2.svg,https://static.wikia.nocookie.net/little-alchemy/images/c/c8/City_2.svg/revision/latest/
Day_2.svg,https://static.wikia.nocookie.net/little-alchemy/images/0/0f/Day_2.svg/revision/latest/
Double_rainbow%21_2.svg,https://static.wikia.nocookie.net/little-alchemy/images/8/87/Double_rainbow%21_2.svg/revision/latest/
Electricity_2.svg,https://static.wikia.nocookie.net/little-alchemy/images/7/7c/Electricity_2.svg/revision/latest/
Excalibur_2.svg,https://static.wikia.nocookie.net/little-alchemy/images/3/36/Excalibur_2.svg/revision/latest/
Fence_2.svg,https://static.wikia.nocookie.net/little-alchemy/images/2/23/Fence_2.svg/revision/latest/
Flamethrower_2.svg,https://static.wikia.nocookie.net/little-alchemy/images/3/34/Flamethrower_2.svg/revision/latest/
Fog_2.svg,https://static.wikia.nocookie.net/little-alchemy/images/a/a5/Fog_2.svg/revision/latest/
Galaxy_cluster_2.svg,https://static.wikia.nocookie.net/little-alchemy/images/9/9b/Galaxy_cluster_2.svg/revision/latest/
Hangar_2.svg,https://static.wikia.nocookie.net/little-alchemy/images/3/3c/Hangar_2.svg/revision/latest/
Horizon_2.svg,https://static.wikia.nocookie.net/little-alchemy/images/9/97/Horizon_2.svg/revision/latest/
Jupiter_2.svg,https://static.wikia.nocookie.net/little-alchemy/images/3/30/Jupiter_2.svg/revision/latest/
Life_2.svg,https://static.wikia.nocookie.net/little-alchemy/images/0/0f/Life_2.svg/revision/latest/
Light_sword_2.svg,https://static.wikia.nocookie.net/little-alchemy/images/5/59/Light_sword_2.svg/revision/latest/
Lightning_2.svg,https://static.wikia.nocookie.net/little-alchemy/images/3/37/Lightning_2.svg/revision/latest/
Meteor_2.svg,https://static.wikia.nocookie.net/little-alchemy/images/8/83/Meteor_2.svg/revision/latest/
Night_2.svg,https://static.wikia.nocookie.net/little-alchemy/images/6/60/Night_2.svg/revision/latest/
Paint_2.svg,https://static.wikia.nocookie.net/little-alchemy/images/5/57/Paint_2.svg/revision/latest/
Park_2.svg,https://static.wikia.nocookie.net/little-alchemy/images/5/50/Park_2.svg/revision/latest/
Prism_2.svg,https://static.wikia.nocookie.net/little-alchemy/images/2/2a/Prism_2.svg/revision/latest/
Rain_2.svg,https://static.wikia.nocookie.net/little-alchemy/images/1/18/Rain_2.svg/revision/latest/
Ruins_2.svg,https://static.wikia.nocookie.net/little-alchemy/images/f/f0/Ruins_2.svg/revision/latest/
Safety_glasses_2.svg,https://static.wikia.nocookie.net/little-alchemy/images/8/8a/Safety_glasses_2.svg/revision/latest/
Skyscraper_2.svg,https://static.wikia.nocookie.net/little-alchemy/images/6/69/Skyscraper_2.svg/revision/latest/
Space_2.svg,https://static.wikia.nocookie.net/little-alchemy/images/0/02/Space_2.svg/revision/latest/
Storm_2.svg,https://static.wikia.nocookie.net/little-alchemy/images/6/68/Storm_2.svg/revision/latest/
Stun_gun_2.svg,https://static.wikia.nocookie.net/little-alchemy/images/c/ce/Stun_gun_2.svg/revision/latest/
Sunglasses_2.svg,https://static.wikia.nocookie.net/little-alchemy/images/7/7e/Sunglasses_2.svg/revision/latest/
Swim_goggles_2.svg,https://static.wikia.nocookie.net/little-alchemy/images/e/eb/Swim_goggles_2.svg/revision/latest/
Water_gun_2.svg,https://static.wikia.nocookie.net/little-alchemy/images/d/d6/Water_gun_2.svg/revision/latest/
Alien_2.svg,https://static.wikia.nocookie.net/little-alchemy/images/e/ee/Alien_2.svg/revision/latest/
Animal_2.svg,https://static.wikia.nocookie.net/little-alchemy/images/5/53/Animal_2.svg/revision/latest/
Bacteria_2.svg,https://static.wikia.nocookie.net/little-alchemy/images/4/4a/Bacteria_2.svg/revision/latest/
Clock_2.svg,https://static.wikia.nocookie.net/little-alchemy/images/0/0a/Clock_2.svg/revision/latest/
Darkness_2.svg,https://static.wikia.nocookie.net/little-alchemy/images/0/07/Darkness_2.svg/revision/latest/
Dawn_2.svg,https://static.wikia.nocookie.net/little-alchemy/images/9/9d/Dawn_2.svg/revision/latest/
Death_2.svg,https://static.wikia.nocookie.net/little-alchemy/images/0/0d/Death_2.svg/revision/latest/
Farm_2.svg,https://static.wikia.nocookie.net/little-alchemy/images/e/ef/Farm_2.svg/revision/latest/
Human_2.svg,https://static.wikia.nocookie.net/little-alchemy/images/b/b5/Human_2.svg/revision/latest/
Light_bulb_2.svg,https://static.wikia.nocookie.net/little-alchemy/images/8/8e/Light_bulb_2.svg/revision/latest/
Magic_2.svg,https://static.wikia.nocookie.net/little-alchemy/images/a/a7/Magic_2.svg/revision/latest/
Ozone_2.svg,https://static.wikia.nocookie.net/little-alchemy/images/7/73/Ozone_2.svg/revision/latest/
Phoenix_2.svg,https://static.wikia.nocookie.net/little-alchemy/images/5/54/Phoenix_2.svg/revision/latest/
Plankton_2.svg,https://static.wikia.nocookie.net/little-alchemy/images/9/97/Plankton_2.svg/revision/latest/
Robot_2.svg,https://static.wikia.nocookie.net/little-alchemy/images/6/6d/Robot_2.svg/revision/latest/
Smog_2.svg,https://static.wikia.nocookie.net/little-alchemy/images/5/5d/Smog_2.svg/revision/latest/
Snow_2.svg,https://static.wikia.nocookie.net/little-alchemy/images/0/07/Snow_2.svg/revision/latest/
Soil_2.svg,https://static.wikia.nocookie.net/little-alchemy/images/4/44/Soil_2.svg/revision/latest/
Spaceship_2.svg,https://static.wikia.nocookie.net/little-alchemy/images/c/c4/Spaceship_2.svg/revision/latest/
Star_2.svg,https://static.wikia.nocookie.net/little-alchemy/images/f/f6/Star_2.svg/revision/latest/
Twilight_2.svg,https://static.wikia.nocookie.net/little-alchemy/images/f/fe/Twilight_2.svg/revision/latest/
Universe_2.svg,https://static.wikia.nocookie.net/little-alchemy/images/d/d0/Universe_2.svg/revision/latest/
Wind_turbine_2.svg,https://static.wikia.nocookie.net/little-alchemy/images/9/9a/Wind_turbine_2.svg/revision/latest/
Wire_2.svg,https://static.wikia.nocookie.net/little-alchemy/images/8/8c/Wire_2.svg/revision/latest/
Alarm_clock_2.svg,https://static.wikia.nocookie.net/little-alchemy/images/4/40/Alarm_clock_2.svg/revision/latest/
Alchemist_2.svg,https://static.wikia.nocookie.net/little-alchemy/images/f/f0/Alchemist_2.svg/revision/latest/
Allergy_2.svg,https://static.wikia.nocookie.net/little-alchemy/images/f/f6/Allergy_2.svg/revision/latest/
Antarctica_2.svg,https://static.wikia.nocookie.net/little-alchemy/images/7/78/Antarctica_2.svg/revision/latest/
Archeologist_2.svg,https://static.wikia.nocookie.net/little-alchemy/images/9/91/Archeologist_2.svg/revision/latest/
Astronaut_2.svg,https://static.wikia.nocookie.net/little-alchemy/images/3/36/Astronaut_2.svg/revision/latest/
Astronomer_2.svg,https://static.wikia.nocookie.net/little-alchemy/images/2/25/Astronomer_2.svg/revision/latest/
Beaver_2.svg,https://static.wikia.nocookie.net/little-alchemy/images/6/62/Beaver_2.svg/revision/latest/
Bird_2.svg,https://static.wikia.nocookie.net/little-alchemy/images/9/99/Bird_2.svg/revision/latest/
Blizzard_2.svg,https://static.wikia.nocookie.net/little-alchemy/images/5/5c/Blizzard_2.svg/revision/latest/
Blood_2.svg,https://static.wikia.nocookie.net/little-alchemy/images/d/d6/Blood_2.svg/revision/latest/
Butterfly_2.svg,https://static.wikia.nocookie.net/little-alchemy/images/2/21/Butterfly_2.svg/revision/latest/
Cable_car_2.svg,https://static.wikia.nocookie.net/little-alchemy/images/1/17/Cable_car_2.svg/revision/latest/
Camel_2.svg,https://static.wikia.nocookie.net/little-alchemy/images/b/b2/Camel_2.svg/revision/latest/
Cat_2.svg,https://static.wikia.nocookie.net/little-alchemy/images/c/cd/Cat_2.svg/revision/latest/
Chain_2.svg,https://static.wikia.nocookie.net/little-alchemy/images/c/cd/Chain_2.svg/revision/latest/
Cold_2.svg,https://static.wikia.nocookie.net/little-alchemy/images/3/38/Cold_2.svg/revision/latest/
Constellation_2.svg,https://static.wikia.nocookie.net/little-alchemy/images/0/02/Constellation_2.svg/revision/latest/
Corpse_2.svg,https://static.wikia.nocookie.net/little-alchemy/images/0/0f/Corpse_2.svg/revision/latest/
Crystal_ball_2.svg,https://static.wikia.nocookie.net/little-alchemy/images/7/74/Crystal_ball_2.svg/revision/latest/
Cyborg_2.svg,https://static.wikia.nocookie.net/little-alchemy/images/f/fd/Cyborg_2.svg/revision/latest/
Dew_2.svg,https://static.wikia.nocookie.net/little-alchemy/images/1/1f/Dew_2.svg/revision/latest/
Domestication_2.svg,https://static.wikia.nocookie.net/little-alchemy/images/5/5f/Domestication_2.svg/revision/latest/
Dynamite_2.svg,https://static.wikia.nocookie.net/little-alchemy/images/e/ea/Dynamite_2.svg/revision/latest/
Egg_2.svg,https://static.wikia.nocookie.net/little-alchemy/images/d/df/Egg_2.svg/revision/latest/
Electrician_2.svg,https://static.wikia.nocookie.net/little-alchemy/images/8/8c/Electrician_2.svg/revision/latest/
Family_2.svg,https://static.wikia.nocookie.net/little-alchemy/images/8/86/Family_2.svg/revision/latest/
Farmer_2.svg,https://static.wikia.nocookie.net/little-alchemy/images/7/7f/Farmer_2.svg/revision/latest/
Firefighter_2.svg,https://static.wikia.nocookie.net/little-alchemy/images/5/57/Firefighter_2.svg/revision/latest/
Fish_2.svg,https://static.wikia.nocookie.net/little-alchemy/images/e/e6/Fish_2.svg/revision/latest/
Force_knight_2.svg,https://static.wikia.nocookie.net/little-alchemy/images/b/be/Force_knight_2.svg/revision/latest/
Frog_2.svg,https://static.wikia.nocookie.net/little-alchemy/images/b/be/Frog_2.svg/revision/latest/
Glacier_2.svg,https://static.wikia.nocookie.net/little-alchemy/images/6/6b/Glacier_2.svg/revision/latest/
Gravestone_2.svg,https://static.wikia.nocookie.net/little-alchemy/images/3/38/Gravestone_2.svg/revision/latest/
Hacker_2.svg,https://static.wikia.nocookie.net/little-alchemy/images/f/f7/Hacker_2.svg/revision/latest/
Hero_2.svg,https://static.wikia.nocookie.net/little-alchemy/images/a/a3/Hero_2.svg/revision/latest/
Horse_2.svg,https://static.wikia.nocookie.net/little-alchemy/images/3/38/Horse_2.svg/revision/latest/
Idea_2.svg,https://static.wikia.nocookie.net/little-alchemy/images/0/03/Idea_2.svg/revision/latest/
Igloo_2.svg,https://static.wikia.nocookie.net/little-alchemy/images/e/e7/Igloo_2.svg/revision/latest/
Lamp_2.svg,https://static.wikia.nocookie.net/little-alchemy/images/7/70/Lamp_2.svg/revision/latest/
Light_2.svg,https://static.wikia.nocookie.net/little-alchemy/images/8/80/Light_2.svg/revision/latest/
Livestock_2.svg,https://static.wikia.nocookie.net/little-alchemy/images/c/c4/Livestock_2.svg/revision/latest/
Lizard_2.svg,https://static.wikia.nocookie.net/little-alchemy/images/8/8c/Lizard_2.svg/revision/latest/
Love_2.svg,https://static.wikia.nocookie.net/little-alchemy/images/1/19/Love_2.svg/revision/latest/
Meat_2.svg,https://static.wikia.nocookie.net/little-alchemy/images/5/59/Meat_2.svg/revision/latest/
Microscope_2.svg,https://static.wikia.nocookie.net/little-alchemy/images/9/98/Microscope_2.svg/revision/latest/
Monarch_2.svg,https://static.wikia.nocookie.net/little-alchemy/images/a/a2/Monarch_2.svg/revision/latest/
Mummy_2.svg,https://static.wikia.nocookie.net/little-alchemy/images/c/c2/Mummy_2.svg/revision/latest/
Organic_matter_2.svg,https://static.wikia.nocookie.net/little-alchemy/images/f/f8/Organic_matter_2.svg/revision/latest/
Painter_2.svg,https://static.wikia.nocookie.net/little-alchemy/images/e/e0/Painter_2.svg/revision/latest/
Pig_2.svg,https://static.wikia.nocookie.net/little-alchemy/images/1/1c/Pig_2.svg/revision/latest/
Plant_2.svg,https://static.wikia.nocookie.net/little-alchemy/images/2/2a/Plant_2.svg/revision/latest/
Potter_2.svg,https://static.wikia.nocookie.net/little-alchemy/images/a/a6/Potter_2.svg/revision/latest/
Sailor_2.svg,https://static.wikia.nocookie.net/little-alchemy/images/2/27/Sailor_2.svg/revision/latest/
Samurai_2.svg,https://static.wikia.nocookie.net/little-alchemy/images/3/3a/Samurai_2.svg/revision/latest/
Science_2.svg,https://static.wikia.nocookie.net/little-alchemy/images/5/5e/Science_2.svg/revision/latest/
Scorpion_2.svg,https://static.wikia.nocookie.net/little-alchemy/images/0/04/Scorpion_2.svg/revision/latest/
Shuriken_2.svg,https://static.wikia.nocookie.net/little-alchemy/images/1/19/Shuriken_2.svg/revision/latest/
Sickness_2.svg,https://static.wikia.nocookie.net/little-alchemy/images/7/77/Sickness_2.svg/revision/latest/
Ski_goggles_2.svg,https://static.wikia.nocookie.net/little-alchemy/images/0/0f/Ski_goggles_2.svg/revision/latest/
Skier_2.svg,https://static.wikia.nocookie.net/little-alchemy/images/2/29/Skier_2.svg/revision/latest/
Sloth_2.svg,https://static.wikia.nocookie.net/little-alchemy/images/1/1c/Sloth_2.svg/revision/latest/
Snake_2.svg,https://static.wikia.nocookie.net/little-alchemy/images/b/b7/Snake_2.svg/revision/latest/
Snow_globe_2.svg,https://static.wikia.nocookie.net/little-alchemy/images/f/f0/Snow_globe_2.svg/revision/latest/
Snowball_2.svg,https://static.wikia.nocookie.net/little-alchemy/images/3/37/Snowball_2.svg/revision/latest/
Snowman_2.svg,https://static.wikia.nocookie.net/little-alchemy/images/a/a3/Snowman_2.svg/revision/latest/
Starfish_2.svg,https://static.wikia.nocookie.net/little-alchemy/images/4/47/Starfish_2.svg/revision/latest/
Sundial_2.svg,https://static.wikia.nocookie.net/little-alchemy/images/1/14/Sundial_2.svg/revision/latest/
Surfer_2.svg,https://static.wikia.nocookie.net/little-alchemy/images/f/fc/Surfer_2.svg/revision/latest/
Swimmer_2.svg,https://static.wikia.nocookie.net/little-alchemy/images/b/bd/Swimmer_2.svg/revision/latest/
Tool_2.svg,https://static.wikia.nocookie.net/little-alchemy/images/2/22/Tool_2.svg/revision/latest/
Turtle_2.svg,https://static.wikia.nocookie.net/little-alchemy/images/0/04/Turtle_2.svg/revision/latest/
Ufo_2.svg,https://static.wikia.nocookie.net/little-alchemy/images/2/29/Ufo_2.svg/revision/latest/
Warrior_2.svg,https://static.wikia.nocookie.net/little-alchemy/images/1/1b/Warrior_2.svg/revision/latest/
Watch_2.svg,https://static.wikia.nocookie.net/little-alchemy/images/9/96/Watch_2.svg/revision/latest/
Wizard_2.svg,https://static.wikia.nocookie.net/little-alchemy/images/1/13/Wizard_2.svg/revision/latest/
Wolf_2.svg,https://static.wikia.nocookie.net/little-alchemy/images/3/32/Wolf_2.svg/revision/latest/
Airplane_2.svg,https://static.wikia.nocookie.net/little-alchemy/images/e/e3/Airplane_2.svg/revision/latest/
Algae_2.svg,https://static.wikia.nocookie.net/little-alchemy/images/b/b2/Algae_2.svg/revision/latest/
Alligator_2.svg,https://static.wikia.nocookie.net/little-alchemy/images/3/3c/Alligator_2.svg/revision/latest/
Angel_2.svg,https://static.wikia.nocookie.net/little-alchemy/images/5/5a/Angel_2.svg/revision/latest/
Arctic_2.svg,https://static.wikia.nocookie.net/little-alchemy/images/f/f7/Arctic_2.svg/revision/latest/
Ash_2.svg,https://static.wikia.nocookie.net/little-alchemy/images/5/5e/Ash_2.svg/revision/latest/
Bacon_2.svg,https://static.wikia.nocookie.net/little-alchemy/images/8/85/Bacon_2.svg/revision/latest/
Birdcage_2.svg,https://static.wikia.nocookie.net/little-alchemy/images/a/a3/Birdcage_2.svg/revision/latest/
Birdhouse_2.svg,https://static.wikia.nocookie.net/little-alchemy/images/9/99/Birdhouse_2.svg/revision/latest/
Bone_2.svg,https://static.wikia.nocookie.net/little-alchemy/images/8/88/Bone_2.svg/revision/latest/
Butcher_2.svg,https://static.wikia.nocookie.net/little-alchemy/images/b/b5/Butcher_2.svg/revision/latest/
Cactus_2.svg,https://static.wikia.nocookie.net/little-alchemy/images/b/b4/Cactus_2.svg/revision/latest/
Cage_2.svg,https://static.wikia.nocookie.net/little-alchemy/images/8/83/Cage_2.svg/revision/latest/
Carbon_dioxide_2.svg,https://static.wikia.nocookie.net/little-alchemy/images/d/d7/Carbon_dioxide_2.svg/revision/latest/
Carrot_2.svg,https://static.wikia.nocookie.net/little-alchemy/images/c/c8/Carrot_2.svg/revision/latest/
Castle_2.svg,https://static.wikia.nocookie.net/little-alchemy/images/0/09/Castle_2.svg/revision/latest/
Catnip_2.svg,https://static.wikia.nocookie.net/little-alchemy/images/d/db/Catnip_2.svg/revision/latest/
Cave_2.svg,https://static.wikia.nocookie.net/little-alchemy/images/a/a9/Cave_2.svg/revision/latest/
Centaur_2.svg,https://static.wikia.nocookie.net/little-alchemy/images/e/e0/Centaur_2.svg/revision/latest/
Chameleon_2.svg,https://static.wikia.nocookie.net/little-alchemy/images/9/9f/Chameleon_2.svg/revision/latest/
Charcoal_2.svg,https://static.wikia.nocookie.net/little-alchemy/images/c/c7/Charcoal_2.svg/revision/latest/
Chicken_2.svg,https://static.wikia.nocookie.net/little-alchemy/images/7/79/Chicken_2.svg/revision/latest/
Chill_2.svg,https://static.wikia.nocookie.net/little-alchemy/images/9/99/Chill_2.svg/revision/latest/
Coal_2.svg,https://static.wikia.nocookie.net/little-alchemy/images/1/17/Coal_2.svg/revision/latest/
Computer_2.svg,https://static.wikia.nocookie.net/little-alchemy/images/2/2d/Computer_2.svg/revision/latest/
Cotton_2.svg,https://static.wikia.nocookie.net/little-alchemy/images/d/d3/Cotton_2.svg/revision/latest/
Cow_2.svg,https://static.wikia.nocookie.net/little-alchemy/images/d/da/Cow_2.svg/revision/latest/
Crow_2.svg,https://static.wikia.nocookie.net/little-alchemy/images/4/4b/Crow_2.svg/revision/latest/
Cuckoo_2.svg,https://static.wikia.nocookie.net/little-alchemy/images/8/81/Cuckoo_2.svg/revision/latest/
Dinosaur_2.svg,https://static.wikia.nocookie.net/little-alchemy/images/6/6e/Dinosaur_2.svg/revision/latest/
Dog_2.svg,https://static.wikia.nocookie.net/little-alchemy/images/4/4a/Dog_2.svg/revision/latest/
Don_quixote_2.svg,https://static.wikia.nocookie.net/little-alchemy/images/8/8e/Don_quixote_2.svg/revision/latest/
Dragon_2.svg,https://static.wikia.nocookie.net/little-alchemy/images/1/12/Dragon_2.svg/revision/latest/
Duck_2.svg,https://static.wikia.nocookie.net/little-alchemy/images/a/af/Duck_2.svg/revision/latest/
Eagle_2.svg,https://static.wikia.nocookie.net/little-alchemy/images/5/50/Eagle_2.svg/revision/latest/
Egg_timer_2.svg,https://static.wikia.nocookie.net/little-alchemy/images/7/7c/Egg_timer_2.svg/revision/latest/
Electric_eel_2.svg,https://static.wikia.nocookie.net/little-alchemy/images/5/5e/Electric_eel_2.svg/revision/latest/
Family_tree_2.svg,https://static.wikia.nocookie.net/little-alchemy/images/1/13/Family_tree_2.svg/revision/latest/
Firestation_2.svg,https://static.wikia.nocookie.net/little-alchemy/images/b/b8/Firestation_2.svg/revision/latest/
Fishing_rod_2.svg,https://static.wikia.nocookie.net/little-alchemy/images/f/f9/Fishing_rod_2.svg/revision/latest/
Flashlight_2.svg,https://static.wikia.nocookie.net/little-alchemy/images/d/dd/Flashlight_2.svg/revision/latest/
Flower_2.svg,https://static.wikia.nocookie.net/little-alchemy/images/7/7c/Flower_2.svg/revision/latest/
Flying_fish_2.svg,https://static.wikia.nocookie.net/little-alchemy/images/9/9a/Flying_fish_2.svg/revision/latest/
Fossil_2.svg,https://static.wikia.nocookie.net/little-alchemy/images/f/f7/Fossil_2.svg/revision/latest/
Frankenstein%27s_monster_2.svg,https://static.wikia.nocookie.net/little-alchemy/images/8/81/Frankenstein%27s_monster_2.svg/revision/latest/
Fridge_2.svg,https://static.wikia.nocookie.net/little-alchemy/images/e/e3/Fridge_2.svg/revision/latest/
Garden_2.svg,https://static.wikia.nocookie.net/little-alchemy/images/4/40/Garden_2.svg/revision/latest/
Gas_2.svg,https://static.wikia.nocookie.net/little-alchemy/images/0/06/Gas_2.svg/revision/latest/
Ghost_2.svg,https://static.wikia.nocookie.net/little-alchemy/images/4/48/Ghost_2.svg/revision/latest/
Goat_2.svg,https://static.wikia.nocookie.net/little-alchemy/images/7/7b/Goat_2.svg/revision/latest/
Grass_2.svg,https://static.wikia.nocookie.net/little-alchemy/images/e/e1/Grass_2.svg/revision/latest/
Grave_2.svg,https://static.wikia.nocookie.net/little-alchemy/images/9/9e/Grave_2.svg/revision/latest/
Graveyard_2.svg,https://static.wikia.nocookie.net/little-alchemy/images/7/77/Graveyard_2.svg/revision/latest/
Greenhouse_2.svg,https://static.wikia.nocookie.net/little-alchemy/images/7/74/Greenhouse_2.svg/revision/latest/
Ham_2.svg,https://static.wikia.nocookie.net/little-alchemy/images/b/bf/Ham_2.svg/revision/latest/
Hammer_2.svg,https://static.wikia.nocookie.net/little-alchemy/images/5/5b/Hammer_2.svg/revision/latest/
Hedge_2.svg,https://static.wikia.nocookie.net/little-alchemy/images/7/7d/Hedge_2.svg/revision/latest/
Hippo_2.svg,https://static.wikia.nocookie.net/little-alchemy/images/5/5d/Hippo_2.svg/revision/latest/
Horseshoe_2.svg,https://static.wikia.nocookie.net/little-alchemy/images/f/f3/Horseshoe_2.svg/revision/latest/
Hospital_2.svg,https://static.wikia.nocookie.net/little-alchemy/images/e/e8/Hospital_2.svg/revision/latest/
Hummingbird_2.svg,https://static.wikia.nocookie.net/little-alchemy/images/3/38/Hummingbird_2.svg/revision/latest/
Ice_2.svg,https://static.wikia.nocookie.net/little-alchemy/images/c/cb/Ice_2.svg/revision/latest/
Iceberg_2.svg,https://static.wikia.nocookie.net/little-alchemy/images/f/f7/Iceberg_2.svg/revision/latest/
Ivy_2.svg,https://static.wikia.nocookie.net/little-alchemy/images/0/08/Ivy_2.svg/revision/latest/
Jerky_2.svg,https://static.wikia.nocookie.net/little-alchemy/images/b/be/Jerky_2.svg/revision/latest/
Knight_2.svg,https://static.wikia.nocookie.net/little-alchemy/images/f/ff/Knight_2.svg/revision/latest/
Lava_lamp_2.svg,https://static.wikia.nocookie.net/little-alchemy/images/d/d7/Lava_lamp_2.svg/revision/latest/
Leather_2.svg,https://static.wikia.nocookie.net/little-alchemy/images/d/d8/Leather_2.svg/revision/latest/
Lens_2.svg,https://static.wikia.nocookie.net/little-alchemy/images/c/cb/Lens_2.svg/revision/latest/
Lighthouse_2.svg,https://static.wikia.nocookie.net/little-alchemy/images/8/85/Lighthouse_2.svg/revision/latest/
Lion_2.svg,https://static.wikia.nocookie.net/little-alchemy/images/6/6b/Lion_2.svg/revision/latest/
Liquid_2.svg,https://static.wikia.nocookie.net/little-alchemy/images/a/a8/Liquid_2.svg/revision/latest/
Machine_2.svg,https://static.wikia.nocookie.net/little-alchemy/images/0/0a/Machine_2.svg/revision/latest/
Magma_2.svg,https://static.wikia.nocookie.net/little-alchemy/images/c/c9/Magma_2.svg/revision/latest/
Medusa_2.svg,https://static.wikia.nocookie.net/little-alchemy/images/8/8b/Medusa_2.svg/revision/latest/
Mermaid_2.svg,https://static.wikia.nocookie.net/little-alchemy/images/8/86/Mermaid_2.svg/revision/latest/
Mineral_2.svg,https://static.wikia.nocookie.net/little-alchemy/images/2/2d/Mineral_2.svg/revision/latest/
Moss_2.svg,https://static.wikia.nocookie.net/little-alchemy/images/c/cc/Moss_2.svg/revision/latest/
Moth_2.svg,https://static.wikia.nocookie.net/little-alchemy/images/8/8c/Moth_2.svg/revision/latest/
Motion_2.svg,https://static.wikia.nocookie.net/little-alchemy/images/f/f8/Motion_2.svg/revision/latest/
Nest_2.svg,https://static.wikia.nocookie.net/little-alchemy/images/a/a0/Nest_2.svg/revision/latest/
Ninja_2.svg,https://static.wikia.nocookie.net/little-alchemy/images/0/01/Ninja_2.svg/revision/latest/
Ninja_turtle_2.svg,https://static.wikia.nocookie.net/little-alchemy/images/e/eb/Ninja_turtle_2.svg/revision/latest/
Omelette_2.svg,https://static.wikia.nocookie.net/little-alchemy/images/6/6f/Omelette_2.svg/revision/latest/
Optical_fiber_2.svg,https://static.wikia.nocookie.net/little-alchemy/images/a/a2/Optical_fiber_2.svg/revision/latest/
Ostrich_2.svg,https://static.wikia.nocookie.net/little-alchemy/images/d/d8/Ostrich_2.svg/revision/latest/
Owl_2.svg,https://static.wikia.nocookie.net/little-alchemy/images/c/c4/Owl_2.svg/revision/latest/
Oxygen_2.svg,https://static.wikia.nocookie.net/little-alchemy/images/6/68/Oxygen_2.svg/revision/latest/
Peacock_2.svg,https://static.wikia.nocookie.net/little-alchemy/images/7/7d/Peacock_2.svg/revision/latest/
Pegasus_2.svg,https://static.wikia.nocookie.net/little-alchemy/images/1/1e/Pegasus_2.svg/revision/latest/
Penguin_2.svg,https://static.wikia.nocookie.net/little-alchemy/images/d/d5/Penguin_2.svg/revision/latest/
Philosophy_2.svg,https://static.wikia.nocookie.net/little-alchemy/images/5/5d/Philosophy_2.svg/revision/latest/
Pigeon_2.svg,https://static.wikia.nocookie.net/little-alchemy/images/9/9f/Pigeon_2.svg/revision/latest/
Piggy_bank_2.svg,https://static.wikia.nocookie.net/little-alchemy/images/9/9c/Piggy_bank_2.svg/revision/latest/
Piranha_2.svg,https://static.wikia.nocookie.net/little-alchemy/images/1/10/Piranha_2.svg/revision/latest/
Pirate_2.svg,https://static.wikia.nocookie.net/little-alchemy/images/f/fd/Pirate_2.svg/revision/latest/
Platypus_2.svg,https://static.wikia.nocookie.net/little-alchemy/images/d/df/Platypus_2.svg/revision/latest/
Pollen_2.svg,https://static.wikia.nocookie.net/little-alchemy/images/d/da/Pollen_2.svg/revision/latest/
Pottery_2.svg,https://static.wikia.nocookie.net/little-alchemy/images/a/ad/Pottery_2.svg/revision/latest/
Reed_2.svg,https://static.wikia.nocookie.net/little-alchemy/images/6/62/Reed_2.svg/revision/latest/
Ring_2.svg,https://static.wikia.nocookie.net/little-alchemy/images/3/37/Ring_2.svg/revision/latest/
Roe_2.svg,https://static.wikia.nocookie.net/little-alchemy/images/2/29/Roe_2.svg/revision/latest/
Rope_2.svg,https://static.wikia.nocookie.net/little-alchemy/images/4/4c/Rope_2.svg/revision/latest/
Rose_2.svg,https://static.wikia.nocookie.net/little-alchemy/images/8/8a/Rose_2.svg/revision/latest/
Saddle_2.svg,https://static.wikia.nocookie.net/little-alchemy/images/1/16/Saddle_2.svg/revision/latest/
Seagull_2.svg,https://static.wikia.nocookie.net/little-alchemy/images/d/d0/Seagull_2.svg/revision/latest/
Seahorse_2.svg,https://static.wikia.nocookie.net/little-alchemy/images/e/e5/Seahorse_2.svg/revision/latest/
Seasickness_2.svg,https://static.wikia.nocookie.net/little-alchemy/images/2/20/Seasickness_2.svg/revision/latest/
Seaweed_2.svg,https://static.wikia.nocookie.net/little-alchemy/images/d/d8/Seaweed_2.svg/revision/latest/
Shark_2.svg,https://static.wikia.nocookie.net/little-alchemy/images/b/b9/Shark_2.svg/revision/latest/
Sheep_2.svg,https://static.wikia.nocookie.net/little-alchemy/images/4/44/Sheep_2.svg/revision/latest/
Skeleton_2.svg,https://static.wikia.nocookie.net/little-alchemy/images/8/83/Skeleton_2.svg/revision/latest/
Snowboard_2.svg,https://static.wikia.nocookie.net/little-alchemy/images/a/a2/Snowboard_2.svg/revision/latest/
Solid_2.svg,https://static.wikia.nocookie.net/little-alchemy/images/6/69/Solid_2.svg/revision/latest/
Spotlight_2.svg,https://static.wikia.nocookie.net/little-alchemy/images/c/c5/Spotlight_2.svg/revision/latest/
Steak_2.svg,https://static.wikia.nocookie.net/little-alchemy/images/3/32/Steak_2.svg/revision/latest/
Stethoscope_2.svg,https://static.wikia.nocookie.net/little-alchemy/images/3/35/Stethoscope_2.svg/revision/latest/
Story_2.svg,https://static.wikia.nocookie.net/little-alchemy/images/e/ec/Story_2.svg/revision/latest/
Sunflower_2.svg,https://static.wikia.nocookie.net/little-alchemy/images/f/fb/Sunflower_2.svg/revision/latest/
Swordfish_2.svg,https://static.wikia.nocookie.net/little-alchemy/images/b/b9/Swordfish_2.svg/revision/latest/
Tobacco_2.svg,https://static.wikia.nocookie.net/little-alchemy/images/4/4f/Tobacco_2.svg/revision/latest/
Toolbox_2.svg,https://static.wikia.nocookie.net/little-alchemy/images/4/47/Toolbox_2.svg/revision/latest/
Toucan_2.svg,https://static.wikia.nocookie.net/little-alchemy/images/c/c5/Toucan_2.svg/revision/latest/
Tree_2.svg,https://static.wikia.nocookie.net/little-alchemy/images/b/bc/Tree_2.svg/revision/latest/
Umbrella_2.svg,https://static.wikia.nocookie.net/little-alchemy/images/4/4a/Umbrella_2.svg/revision/latest/
Unicorn_2.svg,https://static.wikia.nocookie.net/little-alchemy/images/b/bf/Unicorn_2.svg/revision/latest/
Vampire_2.svg,https://static.wikia.nocookie.net/little-alchemy/images/8/85/Vampire_2.svg/revision/latest/
Vegetable_2.svg,https://static.wikia.nocookie.net/little-alchemy/images/5/50/Vegetable_2.svg/revision/latest/
Vulture_2.svg,https://static.wikia.nocookie.net/little-alchemy/images/b/b6/Vulture_2.svg/revision/latest/
Wand_2.svg,https://static.wikia.nocookie.net/little-alchemy/images/d/db/Wand_2.svg/revision/latest/
Werewolf_2.svg,https://static.wikia.nocookie.net/little-alchemy/images/3/35/Werewolf_2.svg/revision/latest/
Wheel_2.svg,https://static.wikia.nocookie.net/little-alchemy/images/1/1d/Wheel_2.svg/revision/latest/
Wild_boar_2.svg,https://static.wikia.nocookie.net/little-alchemy/images/0/06/Wild_boar_2.svg/revision/latest/
Windsurfer_2.svg,https://static.wikia.nocookie.net/little-alchemy/images/4/48/Windsurfer_2.svg/revision/latest/
Zombie_2.svg,https://static.wikia.nocookie.net/little-alchemy/images/b/bc/Zombie_2.svg/revision/latest/
Alpaca_2.svg,https://static.wikia.nocookie.net/little-alchemy/images/e/eb/Alpaca_2.svg/revision/latest/
Angler_2.svg,https://static.wikia.nocookie.net/little-alchemy/images/8/8d/Angler_2.svg/revision/latest/
Ant_2.svg,https://static.wikia.nocookie.net/little-alchemy/images/4/49/Ant_2.svg/revision/latest/
Battery_2.svg,https://static.wikia.nocookie.net/little-alchemy/images/4/46/Battery_2.svg/revision/latest/
Bee_2.svg,https://static.wikia.nocookie.net/little-alchemy/images/9/91/Bee_2.svg/revision/latest/
Bicycle_2.svg,https://static.wikia.nocookie.net/little-alchemy/images/8/8f/Bicycle_2.svg/revision/latest/
Big_2.svg,https://static.wikia.nocookie.net/little-alchemy/images/0/08/Big_2.svg/revision/latest/
Bonsai_tree_2.svg,https://static.wikia.nocookie.net/little-alchemy/images/0/00/Bonsai_tree_2.svg/revision/latest/
Cannon_2.svg,https://static.wikia.nocookie.net/little-alchemy/images/8/8d/Cannon_2.svg/revision/latest/
Car_2.svg,https://static.wikia.nocookie.net/little-alchemy/images/0/08/Car_2.svg/revision/latest/
Cauldron_2.svg,https://static.wikia.nocookie.net/little-alchemy/images/c/c3/Cauldron_2.svg/revision/latest/
Caviar_2.svg,https://static.wikia.nocookie.net/little-alchemy/images/7/72/Caviar_2.svg/revision/latest/
Chicken_coop_2.svg,https://static.wikia.nocookie.net/little-alchemy/images/6/6e/Chicken_coop_2.svg/revision/latest/
Chicken_soup_2.svg,https://static.wikia.nocookie.net/little-alchemy/images/7/74/Chicken_soup_2.svg/revision/latest/
Chicken_wing_2.svg,https://static.wikia.nocookie.net/little-alchemy/images/c/c5/Chicken_wing_2.svg/revision/latest/
Christmas_tree_2.svg,https://static.wikia.nocookie.net/little-alchemy/images/b/ba/Christmas_tree_2.svg/revision/latest/
Coconut_2.svg,https://static.wikia.nocookie.net/little-alchemy/images/2/2f/Coconut_2.svg/revision/latest/
Combustion_engine_2.svg,https://static.wikia.nocookie.net/little-alchemy/images/0/0f/Combustion_engine_2.svg/revision/latest/
Computer_mouse_2.svg,https://static.wikia.nocookie.net/little-alchemy/images/8/8d/Computer_mouse_2.svg/revision/latest/
Container_2.svg,https://static.wikia.nocookie.net/little-alchemy/images/3/3e/Container_2.svg/revision/latest/
Cook_2.svg,https://static.wikia.nocookie.net/little-alchemy/images/1/16/Cook_2.svg/revision/latest/
Coral_2.svg,https://static.wikia.nocookie.net/little-alchemy/images/5/58/Coral_2.svg/revision/latest/
Cyclist_2.svg,https://static.wikia.nocookie.net/little-alchemy/images/8/8b/Cyclist_2.svg/revision/latest/
Diamond_2.svg,https://static.wikia.nocookie.net/little-alchemy/images/a/ab/Diamond_2.svg/revision/latest/
Doctor_2.svg,https://static.wikia.nocookie.net/little-alchemy/images/7/77/Doctor_2.svg/revision/latest/
Doge_2.svg,https://static.wikia.nocookie.net/little-alchemy/images/3/34/Doge_2.svg/revision/latest/
Doghouse_2.svg,https://static.wikia.nocookie.net/little-alchemy/images/c/cf/Doghouse_2.svg/revision/latest/
Drone_2.svg,https://static.wikia.nocookie.net/little-alchemy/images/b/b1/Drone_2.svg/revision/latest/
Dry_ice_2.svg,https://static.wikia.nocookie.net/little-alchemy/images/8/8b/Dry_ice_2.svg/revision/latest/
Duckling_2.svg,https://static.wikia.nocookie.net/little-alchemy/images/7/74/Duckling_2.svg/revision/latest/
Engineer_2.svg,https://static.wikia.nocookie.net/little-alchemy/images/6/67/Engineer_2.svg/revision/latest/
Fairy_tale_2.svg,https://static.wikia.nocookie.net/little-alchemy/images/6/63/Fairy_tale_2.svg/revision/latest/
Faun_2.svg,https://static.wikia.nocookie.net/little-alchemy/images/c/cf/Faun_2.svg/revision/latest/
Fire_extinguisher_2.svg,https://static.wikia.nocookie.net/little-alchemy/images/d/d9/Fire_extinguisher_2.svg/revision/latest/
Forest_2.svg,https://static.wikia.nocookie.net/little-alchemy/images/a/ab/Forest_2.svg/revision/latest/
Fox_2.svg,https://static.wikia.nocookie.net/little-alchemy/images/e/ec/Fox_2.svg/revision/latest/
Fruit_2.svg,https://static.wikia.nocookie.net/little-alchemy/images/b/bc/Fruit_2.svg/revision/latest/
Gardener_2.svg,https://static.wikia.nocookie.net/little-alchemy/images/2/2e/Gardener_2.svg/revision/latest/
Gnome_2.svg,https://static.wikia.nocookie.net/little-alchemy/images/9/9e/Gnome_2.svg/revision/latest/
Golem_2.svg,https://static.wikia.nocookie.net/little-alchemy/images/4/41/Golem_2.svg/revision/latest/
Hail_2.svg,https://static.wikia.nocookie.net/little-alchemy/images/7/74/Hail_2.svg/revision/latest/
Harp_2.svg,https://static.wikia.nocookie.net/little-alchemy/images/1/10/Harp_2.svg/revision/latest/
Hay_2.svg,https://static.wikia.nocookie.net/little-alchemy/images/f/f2/Hay_2.svg/revision/latest/
Helicopter_2.svg,https://static.wikia.nocookie.net/little-alchemy/images/8/88/Helicopter_2.svg/revision/latest/
Husky_2.svg,https://static.wikia.nocookie.net/little-alchemy/images/c/c2/Husky_2.svg/revision/latest/
Internet_2.svg,https://static.wikia.nocookie.net/little-alchemy/images/7/74/Internet_2.svg/revision/latest/
Jack-o%27-lantern_2.svg,https://static.wikia.nocookie.net/little-alchemy/images/3/30/Jack-o%27-lantern_2.svg/revision/latest/
Juice_2.svg,https://static.wikia.nocookie.net/little-alchemy/images/9/9a/Juice_2.svg/revision/latest/
Kaiju_2.svg,https://static.wikia.nocookie.net/little-alchemy/images/0/04/Kaiju_2.svg/revision/latest/
Lasso_2.svg,https://static.wikia.nocookie.net/little-alchemy/images/7/70/Lasso_2.svg/revision/latest/
Lawn_2.svg,https://static.wikia.nocookie.net/little-alchemy/images/8/8e/Lawn_2.svg/revision/latest/
Lawn_mower_2.svg,https://static.wikia.nocookie.net/little-alchemy/images/c/c2/Lawn_mower_2.svg/revision/latest/
Leaf_2.svg,https://static.wikia.nocookie.net/little-alchemy/images/4/4f/Leaf_2.svg/revision/latest/
Legend_2.svg,https://static.wikia.nocookie.net/little-alchemy/images/a/a9/Legend_2.svg/revision/latest/
Lumberjack_2.svg,https://static.wikia.nocookie.net/little-alchemy/images/7/7d/Lumberjack_2.svg/revision/latest/
Manatee_2.svg,https://static.wikia.nocookie.net/little-alchemy/images/7/76/Manatee_2.svg/revision/latest/
Milk_2.svg,https://static.wikia.nocookie.net/little-alchemy/images/b/b3/Milk_2.svg/revision/latest/
Minotaur_2.svg,https://static.wikia.nocookie.net/little-alchemy/images/7/7e/Minotaur_2.svg/revision/latest/
Mold_2.svg,https://static.wikia.nocookie.net/little-alchemy/images/a/a2/Mold_2.svg/revision/latest/
Monkey_2.svg,https://static.wikia.nocookie.net/little-alchemy/images/9/96/Monkey_2.svg/revision/latest/
Mountain_goat_2.svg,https://static.wikia.nocookie.net/little-alchemy/images/6/60/Mountain_goat_2.svg/revision/latest/
Narwhal_2.svg,https://static.wikia.nocookie.net/little-alchemy/images/d/dd/Narwhal_2.svg/revision/latest/
Nessie_2.svg,https://static.wikia.nocookie.net/little-alchemy/images/5/56/Nessie_2.svg/revision/latest/
Net_2.svg,https://static.wikia.nocookie.net/little-alchemy/images/f/f5/Net_2.svg/revision/latest/
Nuts_2.svg,https://static.wikia.nocookie.net/little-alchemy/images/5/5c/Nuts_2.svg/revision/latest/
Oil_2.svg,https://static.wikia.nocookie.net/little-alchemy/images/4/43/Oil_2.svg/revision/latest/
Ore_2.svg,https://static.wikia.nocookie.net/little-alchemy/images/c/c5/Ore_2.svg/revision/latest/
Paleontologist_2.svg,https://static.wikia.nocookie.net/little-alchemy/images/d/d2/Paleontologist_2.svg/revision/latest/
Palm_2.svg,https://static.wikia.nocookie.net/little-alchemy/images/5/5a/Palm_2.svg/revision/latest/
Parachute_2.svg,https://static.wikia.nocookie.net/little-alchemy/images/b/b4/Parachute_2.svg/revision/latest/
Parrot_2.svg,https://static.wikia.nocookie.net/little-alchemy/images/8/88/Parrot_2.svg/revision/latest/
Peat_2.svg,https://static.wikia.nocookie.net/little-alchemy/images/9/9f/Peat_2.svg/revision/latest/
Perfume_2.svg,https://static.wikia.nocookie.net/little-alchemy/images/1/11/Perfume_2.svg/revision/latest/
Petroleum_2.svg,https://static.wikia.nocookie.net/little-alchemy/images/d/de/Petroleum_2.svg/revision/latest/
Pilot_2.svg,https://static.wikia.nocookie.net/little-alchemy/images/4/4d/Pilot_2.svg/revision/latest/
Pipe_2.svg,https://static.wikia.nocookie.net/little-alchemy/images/3/32/Pipe_2.svg/revision/latest/
Pirate_ship_2.svg,https://static.wikia.nocookie.net/little-alchemy/images/3/3d/Pirate_ship_2.svg/revision/latest/
Polar_bear_2.svg,https://static.wikia.nocookie.net/little-alchemy/images/8/8e/Polar_bear_2.svg/revision/latest/
Potato_2.svg,https://static.wikia.nocookie.net/little-alchemy/images/2/25/Potato_2.svg/revision/latest/
Pterodactyl_2.svg,https://static.wikia.nocookie.net/little-alchemy/images/d/df/Pterodactyl_2.svg/revision/latest/
Pumpkin_2.svg,https://static.wikia.nocookie.net/little-alchemy/images/5/52/Pumpkin_2.svg/revision/latest/
Quicksilver_2.svg,https://static.wikia.nocookie.net/little-alchemy/images/4/4d/Quicksilver_2.svg/revision/latest/
Rabbit_2.svg,https://static.wikia.nocookie.net/little-alchemy/images/c/c1/Rabbit_2.svg/revision/latest/
Rivulet_2.svg,https://static.wikia.nocookie.net/little-alchemy/images/2/2c/Rivulet_2.svg/revision/latest/
Sand_castle_2.svg,https://static.wikia.nocookie.net/little-alchemy/images/b/b0/Sand_castle_2.svg/revision/latest/
Sap_2.svg,https://static.wikia.nocookie.net/little-alchemy/images/7/7b/Sap_2.svg/revision/latest/
Saturn_2.svg,https://static.wikia.nocookie.net/little-alchemy/images/b/b5/Saturn_2.svg/revision/latest/
Scalpel_2.svg,https://static.wikia.nocookie.net/little-alchemy/images/f/f7/Scalpel_2.svg/revision/latest/
Scythe_2.svg,https://static.wikia.nocookie.net/little-alchemy/images/f/f1/Scythe_2.svg/revision/latest/
Seal_2.svg,https://static.wikia.nocookie.net/little-alchemy/images/2/2a/Seal_2.svg/revision/latest/
Seaplane_2.svg,https://static.wikia.nocookie.net/little-alchemy/images/6/60/Seaplane_2.svg/revision/latest/
Seed_2.svg,https://static.wikia.nocookie.net/little-alchemy/images/d/d9/Seed_2.svg/revision/latest/
Skateboard_2.svg,https://static.wikia.nocookie.net/little-alchemy/images/e/e8/Skateboard_2.svg/revision/latest/
Small_2.svg,https://static.wikia.nocookie.net/little-alchemy/images/d/d0/Small_2.svg/revision/latest/
Snowboarder_2.svg,https://static.wikia.nocookie.net/little-alchemy/images/a/ad/Snowboarder_2.svg/revision/latest/
Soda_2.svg,https://static.wikia.nocookie.net/little-alchemy/images/4/44/Soda_2.svg/revision/latest/
Sphinx_2.svg,https://static.wikia.nocookie.net/little-alchemy/images/4/4d/Sphinx_2.svg/revision/latest/
Statue_2.svg,https://static.wikia.nocookie.net/little-alchemy/images/1/1a/Statue_2.svg/revision/latest/
Steam_engine_2.svg,https://static.wikia.nocookie.net/little-alchemy/images/9/92/Steam_engine_2.svg/revision/latest/
Steel_2.svg,https://static.wikia.nocookie.net/little-alchemy/images/1/1a/Steel_2.svg/revision/latest/
Stream_2.svg,https://static.wikia.nocookie.net/little-alchemy/images/c/c2/Stream_2.svg/revision/latest/
Sushi_2.svg,https://static.wikia.nocookie.net/little-alchemy/images/7/78/Sushi_2.svg/revision/latest/
Swamp_2.svg,https://static.wikia.nocookie.net/little-alchemy/images/1/1e/Swamp_2.svg/revision/latest/
The_one_ring_2.svg,https://static.wikia.nocookie.net/little-alchemy/images/f/ff/The_one_ring_2.svg/revision/latest/
Thread_2.svg,https://static.wikia.nocookie.net/little-alchemy/images/c/c2/Thread_2.svg/revision/latest/
Treehouse_2.svg,https://static.wikia.nocookie.net/little-alchemy/images/e/e4/Treehouse_2.svg/revision/latest/
Trojan_horse_2.svg,https://static.wikia.nocookie.net/little-alchemy/images/7/78/Trojan_horse_2.svg/revision/latest/
Tunnel_2.svg,https://static.wikia.nocookie.net/little-alchemy/images/d/d7/Tunnel_2.svg/revision/latest/
Tyrannosaurus_rex_2.svg,https://static.wikia.nocookie.net/little-alchemy/images/a/a8/Tyrannosaurus_rex_2.svg/revision/latest/
Vase_2.svg,https://static.wikia.nocookie.net/little-alchemy/images/6/64/Vase_2.svg/revision/latest/
Water_lily_2.svg,https://static.wikia.nocookie.net/little-alchemy/images/4/4c/Water_lily_2.svg/revision/latest/
Wheat_2.svg,https://static.wikia.nocookie.net/little-alchemy/images/4/43/Wheat_2.svg/revision/latest/
Wood_2.svg,https://static.wikia.nocookie.net/little-alchemy/images/e/e8/Wood_2.svg/revision/latest/
Woodpecker_2.svg,https://static.wikia.nocookie.net/little-alchemy/images/c/c2/Woodpecker_2.svg/revision/latest/
Wool_2.svg,https://static.wikia.nocookie.net/little-alchemy/images/7/77/Wool_2.svg/revision/latest/
Yeti_2.svg,https://static.wikia.nocookie.net/little-alchemy/images/a/a7/Yeti_2.svg/revision/latest/
Zoo_2.svg,https://static.wikia.nocookie.net/little-alchemy/images/e/e9/Zoo_2.svg/revision/latest/
Alcohol_2.svg,https://static.wikia.nocookie.net/little-alchemy/images/c/c1/Alcohol_2.svg/revision/latest/
Ambulance_2.svg,https://static.wikia.nocookie.net/little-alchemy/images/f/f5/Ambulance_2.svg/revision/latest/
Ant_farm_2.svg,https://static.wikia.nocookie.net/little-alchemy/images/c/c1/Ant_farm_2.svg/revision/latest/
Anthill_2.svg,https://static.wikia.nocookie.net/little-alchemy/images/2/26/Anthill_2.svg/revision/latest/
Arrow_2.svg,https://static.wikia.nocookie.net/little-alchemy/images/5/5c/Arrow_2.svg/revision/latest/
Aviary_2.svg,https://static.wikia.nocookie.net/little-alchemy/images/5/55/Aviary_2.svg/revision/latest/
Axe_2.svg,https://static.wikia.nocookie.net/little-alchemy/images/6/61/Axe_2.svg/revision/latest/
Banana_2.svg,https://static.wikia.nocookie.net/little-alchemy/images/9/98/Banana_2.svg/revision/latest/
Beehive_2.svg,https://static.wikia.nocookie.net/little-alchemy/images/0/0a/Beehive_2.svg/revision/latest/
Beekeeper_2.svg,https://static.wikia.nocookie.net/little-alchemy/images/3/3c/Beekeeper_2.svg/revision/latest/
Blood_bag_2.svg,https://static.wikia.nocookie.net/little-alchemy/images/1/1c/Blood_bag_2.svg/revision/latest/
Boat_2.svg,https://static.wikia.nocookie.net/little-alchemy/images/5/5c/Boat_2.svg/revision/latest/
Book_2.svg,https://static.wikia.nocookie.net/little-alchemy/images/0/09/Book_2.svg/revision/latest/
Bottle_2.svg,https://static.wikia.nocookie.net/little-alchemy/images/9/9d/Bottle_2.svg/revision/latest/
Boulder_2.svg,https://static.wikia.nocookie.net/little-alchemy/images/6/6a/Boulder_2.svg/revision/latest/
Bow_2.svg,https://static.wikia.nocookie.net/little-alchemy/images/9/9c/Bow_2.svg/revision/latest/
Broom_2.svg,https://static.wikia.nocookie.net/little-alchemy/images/c/c9/Broom_2.svg/revision/latest/
Bucket_2.svg,https://static.wikia.nocookie.net/little-alchemy/images/5/5b/Bucket_2.svg/revision/latest/
Bus_2.svg,https://static.wikia.nocookie.net/little-alchemy/images/7/7d/Bus_2.svg/revision/latest/
Butter_2.svg,https://static.wikia.nocookie.net/little-alchemy/images/9/96/Butter_2.svg/revision/latest/
Butterfly_net_2.svg,https://static.wikia.nocookie.net/little-alchemy/images/9/95/Butterfly_net_2.svg/revision/latest/
Campfire_2.svg,https://static.wikia.nocookie.net/little-alchemy/images/c/cf/Campfire_2.svg/revision/latest/
Cart_2.svg,https://static.wikia.nocookie.net/little-alchemy/images/b/be/Cart_2.svg/revision/latest/
Cashmere_2.svg,https://static.wikia.nocookie.net/little-alchemy/images/a/ab/Cashmere_2.svg/revision/latest/
Cereal_2.svg,https://static.wikia.nocookie.net/little-alchemy/images/a/ab/Cereal_2.svg/revision/latest/
Chainsaw_2.svg,https://static.wikia.nocookie.net/little-alchemy/images/0/05/Chainsaw_2.svg/revision/latest/
Cheese_2.svg,https://static.wikia.nocookie.net/little-alchemy/images/5/55/Cheese_2.svg/revision/latest/
Christmas_stocking_2.svg,https://static.wikia.nocookie.net/little-alchemy/images/a/a4/Christmas_stocking_2.svg/revision/latest/
Closet_2.svg,https://static.wikia.nocookie.net/little-alchemy/images/c/c7/Closet_2.svg/revision/latest/
Coconut_milk_2.svg,https://static.wikia.nocookie.net/little-alchemy/images/4/4f/Coconut_milk_2.svg/revision/latest/
Coffin_2.svg,https://static.wikia.nocookie.net/little-alchemy/images/b/ba/Coffin_2.svg/revision/latest/
Cutting_board_2.svg,https://static.wikia.nocookie.net/little-alchemy/images/9/97/Cutting_board_2.svg/revision/latest/
Drum_2.svg,https://static.wikia.nocookie.net/little-alchemy/images/8/82/Drum_2.svg/revision/latest/
Electric_car_2.svg,https://static.wikia.nocookie.net/little-alchemy/images/d/df/Electric_car_2.svg/revision/latest/
Fabric_2.svg,https://static.wikia.nocookie.net/little-alchemy/images/c/c4/Fabric_2.svg/revision/latest/
Fireplace_2.svg,https://static.wikia.nocookie.net/little-alchemy/images/5/51/Fireplace_2.svg/revision/latest/
Firetruck_2.svg,https://static.wikia.nocookie.net/little-alchemy/images/d/d7/Firetruck_2.svg/revision/latest/
Flour_2.svg,https://static.wikia.nocookie.net/little-alchemy/images/6/68/Flour_2.svg/revision/latest/
Flute_2.svg,https://static.wikia.nocookie.net/little-alchemy/images/1/1c/Flute_2.svg/revision/latest/
Fountain_2.svg,https://static.wikia.nocookie.net/little-alchemy/images/4/43/Fountain_2.svg/revision/latest/
French_fries_2.svg,https://static.wikia.nocookie.net/little-alchemy/images/1/18/French_fries_2.svg/revision/latest/
Fruit_tree_2.svg,https://static.wikia.nocookie.net/little-alchemy/images/e/e8/Fruit_tree_2.svg/revision/latest/
Garage_2.svg,https://static.wikia.nocookie.net/little-alchemy/images/4/4d/Garage_2.svg/revision/latest/
Grim_reaper_2.svg,https://static.wikia.nocookie.net/little-alchemy/images/d/d8/Grim_reaper_2.svg/revision/latest/
Gust_2.svg,https://static.wikia.nocookie.net/little-alchemy/images/c/c6/Gust_2.svg/revision/latest/
Hay_bale_2.svg,https://static.wikia.nocookie.net/little-alchemy/images/a/a1/Hay_bale_2.svg/revision/latest/
Hill_2.svg,https://static.wikia.nocookie.net/little-alchemy/images/c/cf/Hill_2.svg/revision/latest/
Honey_2.svg,https://static.wikia.nocookie.net/little-alchemy/images/a/a6/Honey_2.svg/revision/latest/
Ice_cream_2.svg,https://static.wikia.nocookie.net/little-alchemy/images/6/65/Ice_cream_2.svg/revision/latest/
Ice_sculpture_2.svg,https://static.wikia.nocookie.net/little-alchemy/images/7/78/Ice_sculpture_2.svg/revision/latest/
Jam_2.svg,https://static.wikia.nocookie.net/little-alchemy/images/0/05/Jam_2.svg/revision/latest/
Knife_2.svg,https://static.wikia.nocookie.net/little-alchemy/images/7/7d/Knife_2.svg/revision/latest/
Laptop_2.svg,https://static.wikia.nocookie.net/little-alchemy/images/f/fa/Laptop_2.svg/revision/latest/
Little_alchemy_%28element%29_2.svg,https://static.wikia.nocookie.net/little-alchemy/images/4/4a/Little_alchemy_%28element%29_2.svg/revision/latest/
Log_cabin_2.svg,https://static.wikia.nocookie.net/little-alchemy/images/e/e4/Log_cabin_2.svg/revision/latest/
Maple_syrup_2.svg,https://static.wikia.nocookie.net/little-alchemy/images/4/46/Maple_syrup_2.svg/revision/latest/
Mayonnaise_2.svg,https://static.wikia.nocookie.net/little-alchemy/images/8/8e/Mayonnaise_2.svg/revision/latest/
Moon_rover_2.svg,https://static.wikia.nocookie.net/little-alchemy/images/7/7f/Moon_rover_2.svg/revision/latest/
Motorcycle_2.svg,https://static.wikia.nocookie.net/little-alchemy/images/5/5c/Motorcycle_2.svg/revision/latest/
Needle_2.svg,https://static.wikia.nocookie.net/little-alchemy/images/7/70/Needle_2.svg/revision/latest/
Paper_2.svg,https://static.wikia.nocookie.net/little-alchemy/images/5/5b/Paper_2.svg/revision/latest/
Peanut_butter_2.svg,https://static.wikia.nocookie.net/little-alchemy/images/1/12/Peanut_butter_2.svg/revision/latest/
Pebble_2.svg,https://static.wikia.nocookie.net/little-alchemy/images/1/1a/Pebble_2.svg/revision/latest/
Pencil_2.svg,https://static.wikia.nocookie.net/little-alchemy/images/e/e1/Pencil_2.svg/revision/latest/
Penicillin_2.svg,https://static.wikia.nocookie.net/little-alchemy/images/1/12/Penicillin_2.svg/revision/latest/
Pinocchio_2.svg,https://static.wikia.nocookie.net/little-alchemy/images/4/4c/Pinocchio_2.svg/revision/latest/
Pitchfork_2.svg,https://static.wikia.nocookie.net/little-alchemy/images/f/f3/Pitchfork_2.svg/revision/latest/
Popsicle_2.svg,https://static.wikia.nocookie.net/little-alchemy/images/4/4f/Popsicle_2.svg/revision/latest/
Quicksand_2.svg,https://static.wikia.nocookie.net/little-alchemy/images/3/3b/Quicksand_2.svg/revision/latest/
Rainforest_2.svg,https://static.wikia.nocookie.net/little-alchemy/images/2/2b/Rainforest_2.svg/revision/latest/
Rat_2.svg,https://static.wikia.nocookie.net/little-alchemy/images/8/8f/Rat_2.svg/revision/latest/
Reindeer_2.svg,https://static.wikia.nocookie.net/little-alchemy/images/e/e8/Reindeer_2.svg/revision/latest/
Restaurant_2.svg,https://static.wikia.nocookie.net/little-alchemy/images/e/e2/Restaurant_2.svg/revision/latest/
Roller_coaster_2.svg,https://static.wikia.nocookie.net/little-alchemy/images/c/c8/Roller_coaster_2.svg/revision/latest/
Rv_2.svg,https://static.wikia.nocookie.net/little-alchemy/images/3/3b/Rv_2.svg/revision/latest/
Sack_2.svg,https://static.wikia.nocookie.net/little-alchemy/images/4/4d/Sack_2.svg/revision/latest/
Santa_2.svg,https://static.wikia.nocookie.net/little-alchemy/images/8/86/Santa_2.svg/revision/latest/
Scarecrow_2.svg,https://static.wikia.nocookie.net/little-alchemy/images/9/90/Scarecrow_2.svg/revision/latest/
Scuba_tank_2.svg,https://static.wikia.nocookie.net/little-alchemy/images/c/c1/Scuba_tank_2.svg/revision/latest/
Sewing_machine_2.svg,https://static.wikia.nocookie.net/little-alchemy/images/3/32/Sewing_machine_2.svg/revision/latest/
Shovel_2.svg,https://static.wikia.nocookie.net/little-alchemy/images/2/23/Shovel_2.svg/revision/latest/
Silo_2.svg,https://static.wikia.nocookie.net/little-alchemy/images/a/aa/Silo_2.svg/revision/latest/
Smoothie_2.svg,https://static.wikia.nocookie.net/little-alchemy/images/4/43/Smoothie_2.svg/revision/latest/
Snowmobile_2.svg,https://static.wikia.nocookie.net/little-alchemy/images/3/30/Snowmobile_2.svg/revision/latest/
Soap_2.svg,https://static.wikia.nocookie.net/little-alchemy/images/9/93/Soap_2.svg/revision/latest/
Spider_2.svg,https://static.wikia.nocookie.net/little-alchemy/images/d/dc/Spider_2.svg/revision/latest/
Squirrel_2.svg,https://static.wikia.nocookie.net/little-alchemy/images/c/cc/Squirrel_2.svg/revision/latest/
Steamboat_2.svg,https://static.wikia.nocookie.net/little-alchemy/images/a/a6/Steamboat_2.svg/revision/latest/
Steel_wool_2.svg,https://static.wikia.nocookie.net/little-alchemy/images/8/82/Steel_wool_2.svg/revision/latest/
Sugar_2.svg,https://static.wikia.nocookie.net/little-alchemy/images/a/aa/Sugar_2.svg/revision/latest/
Sweater_2.svg,https://static.wikia.nocookie.net/little-alchemy/images/d/dc/Sweater_2.svg/revision/latest/
Tailor_2.svg,https://static.wikia.nocookie.net/little-alchemy/images/b/b5/Tailor_2.svg/revision/latest/
Tank_2.svg,https://static.wikia.nocookie.net/little-alchemy/images/5/55/Tank_2.svg/revision/latest/
Tea_2.svg,https://static.wikia.nocookie.net/little-alchemy/images/e/e7/Tea_2.svg/revision/latest/
Thermometer_2.svg,https://static.wikia.nocookie.net/little-alchemy/images/8/82/Thermometer_2.svg/revision/latest/
Titanic_2.svg,https://static.wikia.nocookie.net/little-alchemy/images/1/14/Titanic_2.svg/revision/latest/
Tractor_2.svg,https://static.wikia.nocookie.net/little-alchemy/images/c/cc/Tractor_2.svg/revision/latest/
Train_2.svg,https://static.wikia.nocookie.net/little-alchemy/images/2/2c/Train_2.svg/revision/latest/
Vault_2.svg,https://static.wikia.nocookie.net/little-alchemy/images/0/0d/Vault_2.svg/revision/latest/
Water_pipe_2.svg,https://static.wikia.nocookie.net/little-alchemy/images/8/8e/Water_pipe_2.svg/revision/latest/
Witch_2.svg,https://static.wikia.nocookie.net/little-alchemy/images/8/89/Witch_2.svg/revision/latest/
Yogurt_2.svg,https://static.wikia.nocookie.net/little-alchemy/images/c/cb/Yogurt_2.svg/revision/latest/
Apron_2.svg,https://static.wikia.nocookie.net/little-alchemy/images/e/e3/Apron_2.svg/revision/latest/
Armor_2.svg,https://static.wikia.nocookie.net/little-alchemy/images/8/88/Armor_2.svg/revision/latest/
Bandage_2.svg,https://static.wikia.nocookie.net/little-alchemy/images/9/9d/Bandage_2.svg/revision/latest/
Batter_2.svg,https://static.wikia.nocookie.net/little-alchemy/images/f/f7/Batter_2.svg/revision/latest/
Bbq_2.svg,https://static.wikia.nocookie.net/little-alchemy/images/0/06/Bbq_2.svg/revision/latest/
Beer_2.svg,https://static.wikia.nocookie.net/little-alchemy/images/9/95/Beer_2.svg/revision/latest/
Box_2.svg,https://static.wikia.nocookie.net/little-alchemy/images/6/65/Box_2.svg/revision/latest/
Candy_cane_2.svg,https://static.wikia.nocookie.net/little-alchemy/images/5/5d/Candy_cane_2.svg/revision/latest/
Canvas_2.svg,https://static.wikia.nocookie.net/little-alchemy/images/f/f6/Canvas_2.svg/revision/latest/
Caramel_2.svg,https://static.wikia.nocookie.net/little-alchemy/images/3/33/Caramel_2.svg/revision/latest/
Chocolate_2.svg,https://static.wikia.nocookie.net/little-alchemy/images/c/c0/Chocolate_2.svg/revision/latest/
Cigarette_2.svg,https://static.wikia.nocookie.net/little-alchemy/images/d/d4/Cigarette_2.svg/revision/latest/
Confetti_2.svg,https://static.wikia.nocookie.net/little-alchemy/images/2/23/Confetti_2.svg/revision/latest/
Cookbook_2.svg,https://static.wikia.nocookie.net/little-alchemy/images/4/43/Cookbook_2.svg/revision/latest/
Cotton_candy_2.svg,https://static.wikia.nocookie.net/little-alchemy/images/a/a2/Cotton_candy_2.svg/revision/latest/
Crayon_2.svg,https://static.wikia.nocookie.net/little-alchemy/images/5/5d/Crayon_2.svg/revision/latest/
Cup_2.svg,https://static.wikia.nocookie.net/little-alchemy/images/0/04/Cup_2.svg/revision/latest/
Diver_2.svg,https://static.wikia.nocookie.net/little-alchemy/images/6/64/Diver_2.svg/revision/latest/
Dough_2.svg,https://static.wikia.nocookie.net/little-alchemy/images/9/9c/Dough_2.svg/revision/latest/
Drunk_2.svg,https://static.wikia.nocookie.net/little-alchemy/images/d/da/Drunk_2.svg/revision/latest/
Excavator_2.svg,https://static.wikia.nocookie.net/little-alchemy/images/7/7e/Excavator_2.svg/revision/latest/
Flying_squirrel_2.svg,https://static.wikia.nocookie.net/little-alchemy/images/2/2f/Flying_squirrel_2.svg/revision/latest/
Fork_2.svg,https://static.wikia.nocookie.net/little-alchemy/images/7/7f/Fork_2.svg/revision/latest/
Frozen_yogurt_2.svg,https://static.wikia.nocookie.net/little-alchemy/images/b/bf/Frozen_yogurt_2.svg/revision/latest/
Gift_2.svg,https://static.wikia.nocookie.net/little-alchemy/images/c/c5/Gift_2.svg/revision/latest/
Hamburger_2.svg,https://static.wikia.nocookie.net/little-alchemy/images/8/8e/Hamburger_2.svg/revision/latest/
Hamster_2.svg,https://static.wikia.nocookie.net/little-alchemy/images/2/25/Hamster_2.svg/revision/latest/
Hedgehog_2.svg,https://static.wikia.nocookie.net/little-alchemy/images/9/9f/Hedgehog_2.svg/revision/latest/
Ice_cream_truck_2.svg,https://static.wikia.nocookie.net/little-alchemy/images/3/31/Ice_cream_truck_2.svg/revision/latest/
Iced_tea_2.svg,https://static.wikia.nocookie.net/little-alchemy/images/a/ae/Iced_tea_2.svg/revision/latest/
Jar_2.svg,https://static.wikia.nocookie.net/little-alchemy/images/d/da/Jar_2.svg/revision/latest/
Kite_2.svg,https://static.wikia.nocookie.net/little-alchemy/images/f/f5/Kite_2.svg/revision/latest/
Letter_2.svg,https://static.wikia.nocookie.net/little-alchemy/images/b/b2/Letter_2.svg/revision/latest/
Library_2.svg,https://static.wikia.nocookie.net/little-alchemy/images/3/3b/Library_2.svg/revision/latest/
Map_2.svg,https://static.wikia.nocookie.net/little-alchemy/images/d/d8/Map_2.svg/revision/latest/
Marshmallows_2.svg,https://static.wikia.nocookie.net/little-alchemy/images/0/07/Marshmallows_2.svg/revision/latest/
Milk_shake_2.svg,https://static.wikia.nocookie.net/little-alchemy/images/e/e0/Milk_shake_2.svg/revision/latest/
Money_2.svg,https://static.wikia.nocookie.net/little-alchemy/images/b/b6/Money_2.svg/revision/latest/
Mouse_2.svg,https://static.wikia.nocookie.net/little-alchemy/images/1/1b/Mouse_2.svg/revision/latest/
Mousetrap_2.svg,https://static.wikia.nocookie.net/little-alchemy/images/c/cc/Mousetrap_2.svg/revision/latest/
Musician_2.svg,https://static.wikia.nocookie.net/little-alchemy/images/4/45/Musician_2.svg/revision/latest/
Newspaper_2.svg,https://static.wikia.nocookie.net/little-alchemy/images/7/76/Newspaper_2.svg/revision/latest/
Orchard_2.svg,https://static.wikia.nocookie.net/little-alchemy/images/1/1a/Orchard_2.svg/revision/latest/
Origami_2.svg,https://static.wikia.nocookie.net/little-alchemy/images/f/f7/Origami_2.svg/revision/latest/
Pan_flute_2.svg,https://static.wikia.nocookie.net/little-alchemy/images/6/65/Pan_flute_2.svg/revision/latest/
Paper_airplane_2.svg,https://static.wikia.nocookie.net/little-alchemy/images/b/be/Paper_airplane_2.svg/revision/latest/
Pasta_2.svg,https://static.wikia.nocookie.net/little-alchemy/images/2/25/Pasta_2.svg/revision/latest/
Pencil_sharpener_2.svg,https://static.wikia.nocookie.net/little-alchemy/images/3/3d/Pencil_sharpener_2.svg/revision/latest/
Pizza_2.svg,https://static.wikia.nocookie.net/little-alchemy/images/2/22/Pizza_2.svg/revision/latest/
Printer_2.svg,https://static.wikia.nocookie.net/little-alchemy/images/f/fe/Printer_2.svg/revision/latest/
Recipe_2.svg,https://static.wikia.nocookie.net/little-alchemy/images/0/0a/Recipe_2.svg/revision/latest/
Robot_vacuum_2.svg,https://static.wikia.nocookie.net/little-alchemy/images/0/0d/Robot_vacuum_2.svg/revision/latest/
Rock_2.svg,https://static.wikia.nocookie.net/little-alchemy/images/5/5f/Rock_2.svg/revision/latest/
Ruler_2.svg,https://static.wikia.nocookie.net/little-alchemy/images/9/9b/Ruler_2.svg/revision/latest/
Sailboat_2.svg,https://static.wikia.nocookie.net/little-alchemy/images/b/b3/Sailboat_2.svg/revision/latest/
Sandpaper_2.svg,https://static.wikia.nocookie.net/little-alchemy/images/7/76/Sandpaper_2.svg/revision/latest/
Sleigh_2.svg,https://static.wikia.nocookie.net/little-alchemy/images/3/3a/Sleigh_2.svg/revision/latest/
Smoke_signal_2.svg,https://static.wikia.nocookie.net/little-alchemy/images/8/85/Smoke_signal_2.svg/revision/latest/
Spoon_2.svg,https://static.wikia.nocookie.net/little-alchemy/images/7/72/Spoon_2.svg/revision/latest/
Sprinkles_2.svg,https://static.wikia.nocookie.net/little-alchemy/images/9/96/Sprinkles_2.svg/revision/latest/
Syringe_2.svg,https://static.wikia.nocookie.net/little-alchemy/images/d/dc/Syringe_2.svg/revision/latest/
Tablet_2.svg,https://static.wikia.nocookie.net/little-alchemy/images/e/e4/Tablet_2.svg/revision/latest/
Tent_2.svg,https://static.wikia.nocookie.net/little-alchemy/images/f/f0/Tent_2.svg/revision/latest/
Trainyard_2.svg,https://static.wikia.nocookie.net/little-alchemy/images/f/fd/Trainyard_2.svg/revision/latest/
Vacuum_cleaner_2.svg,https://static.wikia.nocookie.net/little-alchemy/images/b/b7/Vacuum_cleaner_2.svg/revision/latest/
Vine_2.svg,https://static.wikia.nocookie.net/little-alchemy/images/9/9d/Vine_2.svg/revision/latest/
Wagon_2.svg,https://static.wikia.nocookie.net/little-alchemy/images/9/97/Wagon_2.svg/revision/latest/
Wax_2.svg,https://static.wikia.nocookie.net/little-alchemy/images/d/d9/Wax_2.svg/revision/latest/
Web_2.svg,https://static.wikia.nocookie.net/little-alchemy/images/6/69/Web_2.svg/revision/latest/
Wine_2.svg,https://static.wikia.nocookie.net/little-alchemy/images/2/25/Wine_2.svg/revision/latest/
Wrapping_paper_2.svg,https://static.wikia.nocookie.net/little-alchemy/images/d/da/Wrapping_paper_2.svg/revision/latest/
Writer_2.svg,https://static.wikia.nocookie.net/little-alchemy/images/2/20/Writer_2.svg/revision/latest/
Armadillo_2.svg,https://static.wikia.nocookie.net/little-alchemy/images/5/57/Armadillo_2.svg/revision/latest/
Baker_2.svg,https://static.wikia.nocookie.net/little-alchemy/images/f/f3/Baker_2.svg/revision/latest/
Banana_bread_2.svg,https://static.wikia.nocookie.net/little-alchemy/images/d/df/Banana_bread_2.svg/revision/latest/
Barrel_2.svg,https://static.wikia.nocookie.net/little-alchemy/images/3/35/Barrel_2.svg/revision/latest/
Bat_2.svg,https://static.wikia.nocookie.net/little-alchemy/images/4/43/Bat_2.svg/revision/latest/
Bread_2.svg,https://static.wikia.nocookie.net/little-alchemy/images/e/e2/Bread_2.svg/revision/latest/
Bulletproof_vest_2.svg,https://static.wikia.nocookie.net/little-alchemy/images/6/65/Bulletproof_vest_2.svg/revision/latest/
Candle_2.svg,https://static.wikia.nocookie.net/little-alchemy/images/8/8f/Candle_2.svg/revision/latest/
Cheeseburger_2.svg,https://static.wikia.nocookie.net/little-alchemy/images/b/bc/Cheeseburger_2.svg/revision/latest/
Chocolate_milk_2.svg,https://static.wikia.nocookie.net/little-alchemy/images/1/17/Chocolate_milk_2.svg/revision/latest/
Circus_2.svg,https://static.wikia.nocookie.net/little-alchemy/images/1/13/Circus_2.svg/revision/latest/
Cookie_cutter_2.svg,https://static.wikia.nocookie.net/little-alchemy/images/d/d5/Cookie_cutter_2.svg/revision/latest/
Cookie_dough_2.svg,https://static.wikia.nocookie.net/little-alchemy/images/6/6f/Cookie_dough_2.svg/revision/latest/
Donut_2.svg,https://static.wikia.nocookie.net/little-alchemy/images/e/e8/Donut_2.svg/revision/latest/
Email_2.svg,https://static.wikia.nocookie.net/little-alchemy/images/b/b0/Email_2.svg/revision/latest/
Gingerbread_house_2.svg,https://static.wikia.nocookie.net/little-alchemy/images/c/ce/Gingerbread_house_2.svg/revision/latest/
Gingerbread_man_2.svg,https://static.wikia.nocookie.net/little-alchemy/images/f/f9/Gingerbread_man_2.svg/revision/latest/
Hot_chocolate_2.svg,https://static.wikia.nocookie.net/little-alchemy/images/0/06/Hot_chocolate_2.svg/revision/latest/
Librarian_2.svg,https://static.wikia.nocookie.net/little-alchemy/images/e/e5/Librarian_2.svg/revision/latest/
Mac_and_cheese_2.svg,https://static.wikia.nocookie.net/little-alchemy/images/8/83/Mac_and_cheese_2.svg/revision/latest/
Mail_truck_2.svg,https://static.wikia.nocookie.net/little-alchemy/images/9/9f/Mail_truck_2.svg/revision/latest/
Mailbox_2.svg,https://static.wikia.nocookie.net/little-alchemy/images/c/c0/Mailbox_2.svg/revision/latest/
Mailman_2.svg,https://static.wikia.nocookie.net/little-alchemy/images/4/47/Mailman_2.svg/revision/latest/
Music_2.svg,https://static.wikia.nocookie.net/little-alchemy/images/e/eb/Music_2.svg/revision/latest/
Painting_2.svg,https://static.wikia.nocookie.net/little-alchemy/images/9/9b/Painting_2.svg/revision/latest/
Paper_cup_2.svg,https://static.wikia.nocookie.net/little-alchemy/images/6/69/Paper_cup_2.svg/revision/latest/
Paraglider_2.svg,https://static.wikia.nocookie.net/little-alchemy/images/f/f7/Paraglider_2.svg/revision/latest/
Pie_2.svg,https://static.wikia.nocookie.net/little-alchemy/images/1/14/Pie_2.svg/revision/latest/
Post_office_2.svg,https://static.wikia.nocookie.net/little-alchemy/images/9/92/Post_office_2.svg/revision/latest/
Smartphone_2.svg,https://static.wikia.nocookie.net/little-alchemy/images/4/4f/Smartphone_2.svg/revision/latest/
Spaghetti_2.svg,https://static.wikia.nocookie.net/little-alchemy/images/3/3f/Spaghetti_2.svg/revision/latest/
String_phone_2.svg,https://static.wikia.nocookie.net/little-alchemy/images/e/e0/String_phone_2.svg/revision/latest/
Treasure_map_2.svg,https://static.wikia.nocookie.net/little-alchemy/images/1/12/Treasure_map_2.svg/revision/latest/
Vinegar_2.svg,https://static.wikia.nocookie.net/little-alchemy/images/0/0b/Vinegar_2.svg/revision/latest/
Bakery_2.svg,https://static.wikia.nocookie.net/little-alchemy/images/4/46/Bakery_2.svg/revision/latest/
Cake_2.svg,https://static.wikia.nocookie.net/little-alchemy/images/c/cb/Cake_2.svg/revision/latest/
Cookie_2.svg,https://static.wikia.nocookie.net/little-alchemy/images/f/fd/Cookie_2.svg/revision/latest/
Fortune_cookie_2.svg,https://static.wikia.nocookie.net/little-alchemy/images/4/49/Fortune_cookie_2.svg/revision/latest/
Sandwich_2.svg,https://static.wikia.nocookie.net/little-alchemy/images/4/44/Sandwich_2.svg/revision/latest/
Sheet_music_2.svg,https://static.wikia.nocookie.net/little-alchemy/images/7/7d/Sheet_music_2.svg/revision/latest/
Toast_2.svg,https://static.wikia.nocookie.net/little-alchemy/images/c/c6/Toast_2.svg/revision/latest/
Treasure_2.svg,https://static.wikia.nocookie.net/little-alchemy/images/b/b0/Treasure_2.svg/revision/latest/
Grilled_cheese_2.svg,https://static.wikia.nocookie.net/little-alchemy/images/a/ae/Grilled_cheese_2.svg/revision/latest/
Picnic_2.svg,https://static.wikia.nocookie.net/little-alchemy/images/6/6b/Picnic_2.svg/revision/latest/
